Count,Barcode,probability,gcContent
2272641,AAAA,0.015625,0
5802179,AAAT,0.015625,0
5732757,AACA,0.015625,0.25
6642990,AACT,0.015625,0.25
779285,ACAA,0.015625,0.25
3404892,ACAT,0.015625,0.25
1304872,ACCA,0.015625,0.5
1797715,ACCT,0.015625,0.5
1055667,AGAA,0.015625,0.25
3563581,AGAT,0.015625,0.25
9104997,AGCA,0.015625,0.5
9158145,AGCT,0.015625,0.5
1361261,ATAA,0.015625,0
3544441,ATAT,0.015625,0
3208727,ATCA,0.015625,0.25
4032465,ATCT,0.015625,0.25
886333,CAAA,0.015625,0.25
2706426,CAAT,0.015625,0.25
2146451,CACA,0.015625,0.5
2197825,CACT,0.015625,0.5
173732,CCAA,0.015625,0.5
311129,CCAT,0.015625,0.5
275673,CCCA,0.015625,0.75
303170,CCCT,0.015625,0.75
338496,CGAA,0.015625,0.5
1588559,CGAT,0.015625,0.5
2691761,CGCA,0.015625,0.75
2526362,CGCT,0.015625,0.75
424114,CTAA,0.015625,0.25
1093411,CTAT,0.015625,0.25
949402,CTCA,0.015625,0.5
1018576,CTCT,0.015625,0.5
1699836,GAAA,0.015625,0.25
5009155,GAAT,0.015625,0.25
4895503,GACA,0.015625,0.5
5849357,GACT,0.015625,0.5
785312,GCAA,0.015625,0.5
3716472,GCAT,0.015625,0.5
1513811,GCCA,0.015625,0.75
2005837,GCCT,0.015625,0.75
443430,GGAA,0.015625,0.5
1781845,GGAT,0.015625,0.5
1924144,GGCA,0.015625,0.75
5463799,GGCT,0.015625,0.75
1099139,GTAA,0.015625,0.25
3211089,GTAT,0.015625,0.25
2616256,GTCA,0.015625,0.5
3151100,GTCT,0.015625,0.5
1465496,TAAA,0.015625,0
3869026,TAAT,0.015625,0
4029303,TACA,0.015625,0.25
1874400,TACT,0.015625,0.25
426122,TCAA,0.015625,0.25
1644136,TCAT,0.015625,0.25
607658,TCCA,0.015625,0.5
776761,TCCT,0.015625,0.5
628716,TGAA,0.015625,0.25
3046981,TGAT,0.015625,0.25
6121509,TGCA,0.015625,0.5
4810472,TGCT,0.015625,0.5
791640,TTAA,0.015625,0
2202220,TTAT,0.015625,0
1764111,TTCA,0.015625,0.25
2055809,TTCT,0.015625,0.25
